guild_name,chatgpt
(confraternita),Religious or professional brotherhood
(monte degli officiali),Monte of the Officials (financial institution)
(monte ministrie officiali) banco s. giacomo,Monte of Ministers and Officials at the Bank of San Giacomo
accademici delle scienze,Academicians of sciences
accannatori di legna,Wood collectors
accimatori,Ragpickers or refiners
"aceto, venditori",Vinegar sellers
acorari,"Manufacturers of metal rings, hoops, or chains"
acquaroli,Water sellers or water-related workers
acquavita,Distilled spirits or alcohol (e.g. brandy or grappa)
acquavitai,Distillers or sellers of spirits
acquavitai e tabaccai,Distillers and tobacconists
acquavitari,Another term for distillers
affittatori di calessi e mantici,Renters of carriages and bellows
agogiotti,Guides or muleteers
agricoltori,Farmers or agricultural workers
agrimensori,Land surveyors
aguggiari,Needlemakers
albergatori,Innkeepers or hoteliers
ammolatori da grosso e sottile,Grinders of coarse and fine tools
apparatori di panni,Cloth finishers
archibugiari,Gunmakers or gunsmiths
archibugieri,Gunsmiths or firearm specialists
"architetti, capomastri, fabricatori, pipernieri e tagliamonti","Architects, master builders, manufacturers, piperno stone workers, and stonecutters"
argenteri,Silversmiths
argentieri e orefici,Silversmiths and goldsmiths
armaioli,Weapons makers or armorers
armaroli,Armorers or weapon merchants
aromatari,Apothecaries or spice merchants
aromatariis,Apothecaries or perfumers
arrotini o moletti,Knife grinders or sharpeners
ars calcolariorum,Guild of lime and plaster makers
ars camagnaiolorum et funariorum,Guild of bell-makers and rope-makers
ars fabbrorum,Guild of blacksmiths
ars iudicum et notariorum,Guild of judges and notaries
ars lanaiolorum,Guild of wool workers
ars lignaminis et mulatteriorum,Guild of woodworkers and muleteers
ars macellariorum,Guild of butchers
ars mercatorum,Guild of merchants
ars merciantium,Guild of merchants
ars molendinariorum et macinariorum,Guild of millers and grinders
"ars muratorum, petraiolorum et calcinariorum","Guild of masons, stoneworkers, and lime makers"
"ars piccicaiolorum, salaiolorum et oliariorum","Guild of pitch-makers, salt merchants, and oil traders"
ars procacciantum et barberiorum,Guild of messengers and barbers
ars raxellariorum et tegulariorum,Guild of tile makers and roofers
ars sartorum et pilippariorum,Guild of tailors and felt makers
ars tabernariorum et albegatorium,Guild of innkeepers and hoteliers
arte bianca,White art (guild of bakers)
arte de' cappellari da capelli di legno,Guild of wooden hat makers
arte dei tessari,Guild of weavers
arte dei torronari e copetari,Guild of nougat and confectionery makers
arte del cambio,Guild of money changers and bankers
arte del macello,Guild of butchers
arte dell'opera bianca,Guild of fine fabric artisans
arte della canapa,Guild of hemp workers
arte della giudecca,Guild of Jewish merchants or artisans
arte della lana,Guild of wool workers
arte della lana e del panno,Guild of wool and cloth makers
arte della lana gentile,Guild of fine wool workers
arte della pietra,Guild of stoneworkers and stonemasons
arte della seta,Guild of silk workers
arte della seta o di por santa maria,Guild of silk workers of Por Santa Maria
"arte della seta, oro e argento","Guild of silk, gold, and silver artisans"
arte della zabatteria,Guild of cobblers and shoemakers
arte delle berrette e della agucchieria,Guild of cap makers and needle makers
arte delle lana,Guild of wool workers
arte di calimala o dei mercanti,Guild of cloth merchants of Calimala
arte grossa della lana,Guild of large-scale wool production
arte mastra di ferraia,Guild of master ironworkers
arte seta,Guild of silk workers
"artebianca, orzaroli e nevaroli","Guild of bakers, barley merchants, and ice dealers"
arti marittime,Guild of maritime workers and sailors
artigiani,Guild of artisans and craftsmen
artigiani e messori,Guild of artisans and reapers
artis lanae,Guild of wool workers
artisti,Guild of artists
asinari,Guild of donkey handlers and transporters
attuari e scrivani,Guild of actuaries and scribes
avvantaggiati delle galere,Privileged workers or traders of the galleys
azimatori di panni,Cloth refiners or finishers
azzimatori,Cloth finishers or textile refiners
baker (panettieri),Guild of bread bakers
bakers (fornari),Guild of oven bakers
bakers (panitteri),Guild of bread makers
bambaciari,Guild of cotton merchants and cotton workers
bambaciari di opere bianche,Guild of white cotton workers
bambacignari,Guild of cotton carders
bambacioli,Guild of cotton weavers
bancalari,Guild of bench makers or furniture makers
banchieri,Guild of bankers
banco dei poveri,Bank of the Poor
banco spirito santo,Holy Spirit Bank
banco ss. annunziata (monte ministri) banco ss. annunziata,Bank of the Most Holy Annunciation (Monte Ministri)
"banco, officiali di s. matteo","Bank of St. Matthew, officials"
bankers (bancheri),Guild of bankers
barbers (barberi),Guild of barbers
barbers (barbieri),Guild of barbers
barbieri,Barbers
barbieri e parrucchieri,Barbers and hairdressers
barbieri e pelucchieri,Barbers and wig makers
"barbieri, mercanti, speziari, apotecari, laici e pellicciia","Barbers, merchants, spice traders, apothecaries, laypeople, and furriers"
"barbieri, speziali, chirurghi, flebotomisti","Barbers, apothecaries, surgeons, and bloodletters"
barcaioli,Boatmen or ferrymen
barcaroli,Boatmen or gondoliers
barcaroli di este,Boatmen of Este
barcaroli di monselice,Boatmen of Monselice
barcaroli e pescatori,Boatmen and fishermen
baretari,Cap and hat makers
barilai,Coopers (barrel makers)
barilari,Coopers (barrel makers)
barilleri,Coopers or cask-makers
bastari,Pack-saddle makers
bastaroli,Saddle and harness makers
bastasi del fontego dei turchi,Porters of the Turkish Warehouse
bastasi della dogana da mar,Porters of the Maritime Customs House
bastasi della dogana da terra,Porters of the Land Customs House
bastieri,Saddlers and harness makers
"bastieri, sellai e brillari","Saddlers, saddle-makers, and stirrup makers"
bastioneri,Fortification workers or defensive wall builders
battifoglie d'oro e d'argento,Gold and silver leaf beaters
"battifoglie d'oro, argento e rame","Gold, silver, and copper leaf beaters"
battilana,Wool beaters
battiloro,Gold beaters
battioro alemanni,German gold beaters
battioro e stagneri,Gold beaters and tinsmiths
battitori d'oro e d'argento,Gold and silver beaters
battitori d'oro e indoratori,Gold beaters and gilders
battitori di argento,Silver beaters
battitori di bombace,Cotton beaters
battitori di oro e argento,Gold and silver beaters
baugliari,Trunk makers or chest makers
bavellini,"Unclear, possibly related to textiles or small rope makers"
beccai,Butchers
beccari,Butchers
becchini,Gravediggers and undertakers
belt makers (cinturinarii),Belt and leather strap makers
berrettai,Hat makers
berrettieri,Hat makers
bettolieri,Tavern keepers
biancheggiatori di tele,Linen bleachers
biavaroli,Grain and cereal merchants
bisilieri e pannilini,Silk cloth and fine fabric merchants
blacksmiths (fabbri),Blacksmiths
blacksmiths (ferrai),Blacksmiths
blacksmiths (ferrari d'opera grossa),Blacksmiths
blacksmiths (ferrari),Blacksmiths
"blacksmiths (ferrari, ferrali dell'opera grossa, scopitteri, cortilleri)",Blacksmiths
blacksmiths (li ferrali),Blacksmiths
blacksmiths and silversmiths (fabbri ferrai e argentieri),Blacksmiths and silversmiths
"blacksmiths, cart makers (fabbri di opera grossa)","Blacksmiths, cart makers"
blanket makers (cutrari),Blanket  makers
boat carpenters (calafati),Boat carpenters
boat carpenters (li calafati),Boat carpenters
boccalari,Jug and mug makers (ceramic and earthenware producers)
boccalari e maiolari,Jug makers and majolica artisans
boccaleri,Jug makers
bollatori,Sealers and inspectors (tax or quality control officials)
bolzeri,Purse and pouch makers
bombaciari,Cotton dealers and traders
"bombacignari, rivenditori ed opera bianca","Cotton processors, retailers, and fine cloth workers"
bombasari,Silk and fine fabric merchants
bombaseri,Silk weavers and traders
borozieri,Barrel makers for wine and liquids
borsai,Purse and handbag makers
bossoleri,Casing and cartridge makers (or small container artisans)
bottai,Barrel makers (coopers)
bottari,Barrel and cask makers
bottari e mastellari,Coopers and tub makers
"bottazzeri, tornitori e fuseri","Cask makers, turners, and spindle makers"
bottegari di piu' esercizi,Shopkeepers with multiple businesses
bottegari e fruttaioli,Shopkeepers and fruit sellers
bottegari e pizzicaroli,Shopkeepers and grocers
bottegari lordi e fruttaroli,General shopkeepers and fruit vendors
"bottegari lordi, casolii, salsumari e pizzicagnoli","Shopkeepers, cheesemongers, salted meat vendors, and delicatessen owners"
botteri,Cask and barrel makers (coopers)
bottonai,Button makers
bovai,Cattle breeders or ox herders
bovari,Cattle drivers and herdsmen
bracciali,Day laborers or field workers
brendaiuoli e farraioli,Brandy makers and ironworkers
brentai,Water and wine carriers
brentaroli o zerlotti,Wine carriers or water transporters
brentatori,Wine porters or wine distributors
brentori,Wine and liquid transporters
bronze-founder (lavoratori di stagno e rame),Tin and copper workers (bronze founders)
buccieri,Butchers (possibly pork specialists)
burchieri,Barge operators or boatmen
burchieri da frumento,Grain barge operators
burchieri da legna,Wood barge operators
burchieri da rovinassi,Barge operators transporting rubble and debris
burchieri di badia polesine,Barge operators from Badia Polesine
burchieri di pescantina,Barge operators from Pescantina
burchieri di verona,Barge operators from Verona
bussolari  vetrai,Glass compass makers or glass artisans
butchers (buccheri),Butchers
butchers (li carnizzeri),Butchers
button makers (bottonari),Button makers
cacciaiuoli,"Hunters, game sellers, or firearms dealers"
caffettieri,Coffee makers and sellers
cajonzari,"Possible producers of wooden containers, carts, or transport-related craftsmen"
"cake and pasta makers (pastizari, vermicellari, maccaronari)",Cake and pasta makers
cake makers (confettieri),Cake makers
cake makers (cubaitara),Cake makers
cake makers (cubatari),Cake makers
calafati,Caulkers (ship maintenance workers)
calceolariis,Shoemakers or sandal makers
calcinari,Lime makers and plaster workers
calcineri,Lime kiln operators and lime processors
calderai,Coppersmiths and boiler makers
calderari,Coppersmiths
caldereri,Metal vessel makers
calegari,Shoemakers
"calegari, conciatori e pellattieri","Shoemakers, tanners, and leatherworkers"
calegheri e zavatteri,Shoemakers and clog makers
callegari,Shoemakers or cobblers
callegheri,Shoemakers
calzaiuoli,Cobblers and shoemakers
calzettai,Stocking and sock makers
calzettai in seta,Silk stocking makers
calzettari,Stocking makers
calzettari d'opera bianca,White hosiery makers (fine stockings producers)
calzettari di opera vecchia,Makers of traditional stockings
calzettari di seta,Silk stocking makers
calzettieri,Stocking makers (hosiery artisans)
calzolai,Shoemakers and cobblers
calzolai dell'opera vecchia e pianellai,Traditional shoemakers and slipper makers
calzolai e callegari,Shoemakers and leatherworkers
calzolai e conciatori,Shoemakers and tanners
calzolai e confettori,Shoemakers and confectioners
calzolai lavoranti e garzoni,Journeyman shoemakers and apprentices
"calzolai, conciatori e sellai","Shoemakers, tanners, and saddlers"
calzolari,Hosiery makers or footwear artisans
calzolari e conciatori,Hosiery makers and tanners
calzolari e pianellari (confraternita),"Hosiery makers, slipper makers, and a confraternity"
calzolari e sartori,Hosiery makers and tailors
calzolari et callegari,Hosiery makers and leatherworkers
camalii da olio,Porters for oil transport
camalli,Dockworkers or porters
camalli da vino,Porters for wine transport
camalli della caravana,Porters of the caravan (long-distance transport workers)
camalli della grassia,Porters of the fats and oils trade
cambiatori,Money changers and currency exchangers
canavazzeri,Canvas and coarse fabric merchants
candelari,Candle makers
candelieri di sevo,Tallow candle makers
candelottari,Wax candle makers
"canepari, funari e linaroli","Basket makers, rope makers, and flax workers"
canestreri e cesteri,Basket weavers and wickerwork artisans
cantori o musici,Singers or musicians
capoteri,Hooded cloak makers
cappellai,Hat makers
cappellai lavoranti,Journeyman hat makers
cappellari,Hat makers
caprettari,Goat herders and traders
carbonai,Charcoal makers
carbonari,Charcoal workers and burners
carboneri,Coal and fuel merchants
cardatori,Wool carders
carpenter (falegnami),Carpenters
carpenter (mastri d'ascia),Carpenters
carpenters (carpinteri),Carpenters
carpenters (falegnami di opera bianca),Carpenters
carpenters (falegnami),Carpenters
carpenters (li mastri d'axia),Carpenters
carpenters (li mastrurascia),Carpenters
carpenters (mastri d'ascia),Carpenters
carpenters (mastri di noci),Carpenters
carpenters (mastri d'ascia),Carpenters
carpenters and coopers (falegnami e bottai),Carpenters
carpenters and turner (fabbri lignari e tornatoli),Carpenters
"carpenters, case (casciari)",Carpenters
carpentieri,Carpenters and woodworkers
carradori,Cart and wagon makers (wheelwrights)
carrattori,Heavy cart drivers or transporters
carrettieri,Cart drivers and transporters
carrettieri di borgo e trastevere,Cart drivers from Borgo and Trastevere (Rome)
carrozzieri,Carriage and coach builders
cart maker (carrozzieri),Cart makers
cart makers (carrozzieri),Cart makers
cart-makers (artefici di carri),Cart makers
cartai,Paper makers
cartai e librai,Paper makers and booksellers
cartari,Paper manufacturers
cartari (fabbricanti di carta),Paper manufacturers
cartari di carte da gioco,Playing card manufacturers
cartari e librari,Paper makers and book dealers
cartolai,Stationers and paper goods merchants
carvers (intagliatori),Carvers
"carvers, stone cutters and masons (intagliatori, pirriatori, muratori)","Carvers, stone cutters and masons"
carzatori,Cloth shearers or finishers
casadogli e salumari,Cheese makers and cured meat producers
casaroli,Small-scale cheesemongers or dairy producers
casolini,Cheesemongers
cassari,Chest and storage box makers
casselleri,Cabinetmakers or fine woodworkers
castagnari,Chestnut sellers and traders
castagnari e fruttaroli,Chestnut vendors and fruit sellers
cavalieri e dottori,Knights and doctors (scholars or physicians)
"cavalieri, dottori e studenti","Knights, doctors, and students"
cavallanti,Horse handlers and transporters
cavallari,Horse traders or breeders
cazarolii,Coppersmiths and pot makers
censari,Tax collectors or land revenue officers
centrangolari,Cornerstone cutters or stoneworkers
centrellari e chiavaroli di bauli,Lock and key makers for trunks
centureri,Belt makers and leather strap artisans
ceraioli,Wax workers and candle makers
"ceraioli e pizzicaioli, poi dei ceraioli","Wax artisans and grocers, later only wax artisans"
ceramisti,Ceramic and pottery makers
cerbottalai,Blowgun makers or pipe craftsmen
cereri,Wax candle makers
cestari e cavagnari,Basket makers and large wicker container makers
cesteri,Basket makers
cetrangolari e pizzicaroli,Cornerstone workers and grocers
chappuzzi,Hat makers or possibly cap manufacturers
"chiappuzzi, calderari, sedassari e brustiari","Metalworkers, boiler makers, sieve makers, and charcoal burners"
"chiavaiuoli, ferraiuoli, calderari","Locksmiths, blacksmiths, and coppersmiths"
chiavettieri e spatari,Key makers and sword makers
chiavoneri,Large key makers or locksmiths specializing in fortress keys
chincaglieri,Tinsmiths and sellers of small metal goods
chiodaroli,Nail makers and iron fastener producers
chirurghi e barbieri,Surgeons and barbers
ciabattini,Cobblers (shoe repairmen)
cimadori o sopressadori da panni,Cloth shearers or textile finishers
cimatori,Textile refiners (cloth shearers)
cimatori di panni,Cloth shearers (specifically for wool textiles)
cimatori e garzatori,Cloth shearers and nappers
cintaderi e fresettari,Belt makers and lace makers
cioccolattieri,Chocolate makers
cloth makers (panneri),Wool and fabric manufacturers
coach decorators (carrozzieri di opera gentile),Luxury carriage decorators
coachmen (cocchieri),Carriage drivers
cocchieri,Carriage drivers and coachmen
cocineri e pastizari,Cooks and pastry makers
coirari,Rope makers
coirari (arte grossa),Heavy rope makers
coirari (monte di maritaggio),Rope makers contributing to dowry funds
coirari dell'arte piccola alla zabatteria,Small-scale rope makers (possibly linked to shoemaking)
coltellai,Knife makers
"coltrari, telaioli e materazzari","Quilt makers, loom makers, and mattress makers"
coltreri,Quilt and blanket makers
compagnia del soldo,Brotherhood of the Soldier (mercenary or military guild)
"compagnia delle tre arti: spadari, sellari, guainari","Brotherhood of the Three Arts: Swordsmiths, Saddle Makers, and Scabbard Makers"
compagnia di s. bartolomeo in silice,Brotherhood of St. Bartholomew in Silice
compagnia di san bartolomeo in silice,Brotherhood of St. Bartholomew in Silice
complateari,Mirror makers or glass artisans
compravendi pesce,Fish traders and seafood vendors
concia calzette dell'opera vecchia,Old-style stocking refiners
concia calzoni vecchi,Old trousers refiners or recyclers
conciacurame,Leather refiners (curriers)
conciai,Tanners
conciapelli,Hide tanners and leather workers
conciatori,Leather tanners
conciatori e crivellatori di biade,Leather tanners and grain sifters
conciatori e minadori di pelli,Tanners and skin softeners
conciatori e pellicciai,Leather tanners and furriers
conciatori ingrassatori,Leather tanners specializing in fat treatment
concubinati (confraternita),Brotherhood of Concubinage (Possibly a social or legal association)
"confectioners (confitteri e zuccarari, aromatari)","Confectioners, sugar makers, and spice traders"
confettieri,Confectioners and sweet makers
confettori,Sugar confectioners and pastry makers
confetturieri,Jam and preserve makers
congregazione dei musici,Guild of Musicians
congregazione dei ss. anna e luca dei pittori,Guild of St. Anne and St. Luke of Painters
congregazione dell'arte della seta ai barrettari,Silk workers' congregation at the Hat Makers' guild
contadini,Farmers and agricultural workers
cooks (cucineri),Cooks
coopers (bottai),Coopers
coopers (buttari),Coopers
coopers (mastri bottali),Coopers
coral workers (corallai),Coral workers
corallari,Coral artisans and traders
corallieri,Coral fishers and merchants
corazzai e spadai,Armorers and sword makers
cordai,Rope makers
cordari di leuto,Lute string makers
cordovani,Fine leather artisans (cordovan leather workers)
coroneri,Crown and wreath makers
"correggiai, tavolacciai e scudai","Belt makers, shield makers, and wooden plank workers"
correggiari,Belt makers and leather strap artisans
corrieri,Couriers and messengers
cortelleri e spaderi,Knife makers and swordsmiths
cortellini,Small knife makers
"cortigiani (maggiordomi, camerieri, ecc.)","Courtiers, butlers, and servants"
cortigiani (monte),Courtiers associated with a financial institution or fund
cositori (monte),Sewers or tailors linked to a Monte (financial institution)
cositori (sartori),Sewers and tailors
cottiatori di pesce,Salted fish processors and sellers
credenzieri,Stewards or pantry managers in noble households
crivellonzi,Sieve makers and grain sifters
crockery makers (li scutellari),Dish and bowl makers (potters and ceramic artisans)
cultrari,Cutlers and blade makers
cuochi,Cooks and chefs
cuochi e pasticceri,Cooks and pastry chefs
cuoi d'oro,Gilded leather artisans
cuoiai,Leatherworkers and tanners
"cuoiai, galigai e pezzai","Leatherworkers, shoemakers, and cloth patchers"
cutlers (cutilleri),Knife and blade makers
cutlers and gunmakers (coltellieri e scopettieri),Knife makers and firearm manufacturers
decorators (frinzari),Fringe makers and textile decorators
decorators (guarnamentari),Ornament makers and luxury decorators
decorators for processions (paratori),Decorators
delifichoti (?),
depentori,Painters and decorators
di seta e oro,Silk and gold artisans
diamanteri da duro,Hard diamond cutters (gemstone engravers)
diamanteri da tenero,Soft diamond cutters (gemstone polishers)
disegnadori,Designers and draftsmen
disegnadori di stoffe,Fabric designers (textile pattern makers)
disegnatori di armature e coltelli,Armor and knife designers
distillatori di acquavite,Distillers of spirits (brandy and liquor makers)
distillatori e venditori di acquavite,Distillers and sellers of spirits
doctors and pharmacists (medici e speziali),Physicians and apothecaries
doganieri,Customs officers and tax collectors
doratori,Gilders (gold leaf decorators)
doratori di ferro e lustratori di pietra,Iron gilders and stone polishers
dottori e ministri,Doctors and government officials
drappieri,Drapers (cloth and fabric merchants)
drappieri e revedini,Drapers and textile wholesalers
drappieri strazzaroli,Drapers specializing in secondhand or recycled cloth
droghieri,Grocers and spice merchants
droghieri e speziali,Grocers and apothecaries
"droghieri, speziali e manuali","Grocers, apothecaries, and manual workers"
dyers (tintori),Fabric dyers
ebanisti (scrittorari di ebano),Ebony woodworkers and cabinetmakers
embroiderers (frinzari gallonari e passamanari),Fringe makers and ribbon weavers
embroiderers (imburditori),Embroidery pattern makers
embroiderers (passamanara),Ornamental braid and ribbon makers
embroiderers (racamaturi e passamanari),Embroiderers and braid makers
embroiderers (riccamatori),Fine embroiderers (luxury embroidery artisans)
embroiderers and silk weavers (imborditori e sitalori),Embroiderers and silk fabric artisans
erbaroli,Herbalists and medicinal plant traders
fabbri,Blacksmiths
fabbri di borgo pascolle,Blacksmiths of Borgo Pascolle
fabbri e affini,Blacksmiths and related trades
fabbri e orefici,Blacksmiths and goldsmiths
fabbri ferrai,Iron blacksmiths (general metalworkers)
fabbri ferrariis sive manischalchi,Blacksmiths and farriers (horse specialists)
fabbricanti di armature,Armor makers
fabbricanti di carte da gioco,Playing card manufacturers
fabbricanti di giubboni,Jacket and doublet makers
fabbricatori di calze,Stocking and hosiery makers
fabbricatori di cappelli,Hat makers
fabbricatori di cordelle di seta,Silk ribbon and cord makers
fabbricatori di fustagno,Fustian fabric makers
fabricatori,Manufacturers and general craftsmen
fabricatori e falegnami,Manufacturers and carpenters
"fabricatori, pipernieri, tagliamonti","Manufacturers, stone carvers, and quarry workers"
fabris lignariis,Woodworking blacksmiths
facchini,Porters and laborers
facchini della veneranda compagnia di s. venanzio,Porters of the Venerable Company of St. Venantius
falegnami,Carpenters and woodworkers
falegnami da grosseria,Common carpenters (bulk woodworkers)
falegnami e bottai,Carpenters and barrel makers (coopers)
falegnami e muratori,Carpenters and masons
falegnami fini,Fine carpenters (cabinetmakers and furniture makers)
"falegnami, maestri d'ascia, piccapietre, sellai, bastai","Carpenters, master shipwrights, stonecutters, saddlers, and pack-saddle makers"
farinai,Flour millers
farinaioli,Flour sellers
farinari,Milling specialists
farinari del mercato,Market flour sellers
farinaroli e granaroli,Flour and grain merchants
farinotti,Small-scale flour dealers or mill workers
fellucari,"Boat builders (likely for feluccas, a type of small sailboat)"
"fellucari, pescatori e marinari","Boat builders, fishermen, and sailors"
fenestreri,Window makers and glaziers
ferrai,Ironworkers and blacksmiths
ferrari,Blacksmiths and farriers
"ferrari (arte piccola e grossa) dei cortellari, spadari, scoppettieri","Blacksmiths, cutlers, sword makers, and gun makers"
ferrari e calderari,Ironworkers and coppersmiths
ferrari e parolari,Ironworkers and pan makers
festari,Festival and event organizers
festari e ciambellari,Festival organizers and ring-shaped pastry makers
festari e offellari,Festival organizers and pastry makers
fidelari,"Rope makers (specializing in strong, durable ropes)"
filacanevi,Flax spinners
filarmonici,Musicians and music guild members
filatoglieri,Wool thread spinners
filatori,Thread spinners
filatori di canapa,Hemp spinners
filatori di seta,Silk spinners
filatori e venditori di filo e drappi di lino,Spinners and sellers of thread and linen cloth
filosellari,"Silk waste spinners (producers of filoselle, a lower-quality silk thread)"
fioreri,Flower merchants and florists
fishermen (la barca),Fishermen operating boats
fishermen (pescatori di porta dei greci),Fishermen of the Greek Gate
fishermen (piscaturi),"Fishermen (general term, regional spelling)"
follatori,Fullers (wool fabric processors)
fondacchieri,Warehouse keepers and lodging-house managers
fonticari e biadaioli,Oil traders and grain merchants
forgers (forgiatori),Blacksmiths specializing in forging metal objects
formaggiai,Cheese makers
formaggiari,Cheese vendors and traders
formaggieri e droghieri,Cheese merchants and spice dealers
formellari di bottoni,Button mold makers
fornaceri da vetro,Glass furnace workers
fornaciai,Brick makers and kiln operators
fornaciai del vetro,Glass kiln operators
fornaciari,Kiln workers and brick manufacturers
fornaciari da materiali,Kiln operators for construction materials
fornaciariis,Kiln workers
fornai,Bakers (bread makers)
fornai da massara,Bakers supplying monasteries and large institutions
fornai da massaro,Bakers serving noble or feudal households
"fornai e mugnai, pistori e molinari","Bakers, millers, and flour processors"
fornai e panettieri,Bread bakers and pastry makers
fornari,Bakers or oven operators
fornari da pane venale e da pane delle massare,Bakers of commercial bread and household bread
fornari e legnettari,Bakers and firewood suppliers
fornari e tarallari cuocitori di pane,Bread bakers and taralli makers
fornasieri,Kiln workers and brickmakers
forneri,Bakers (variant spelling of Fornai)
franfellicciari e torronari,Candied fruit and nougat makers
fraveghi e orefici,Brass workers and goldsmiths
friggitori,Fried food vendors
frittoleri,Fritter and doughnut makers
fruttaioli,Fruit vendors
fruttaroli,Fruit and vegetable sellers
"fruttaroli, limonari e pollaroli","Fruit sellers, lemon merchants, and poultry vendors"
fruttivendoli,Fruit and vegetable retailers
funari,Rope makers
furnariis,Bakers
furriers (pelliccerii),Fur traders and furriers
furriers (pellicciaria),Furriers specializing in finished fur garments
fusori e moscolari,Metal casters and candle makers
fustagneri,Fustian fabric merchants and tailors
galere (monte),Financial or trade institution related to galleys (ships)
gallineri,Poultry farmers and egg sellers
gallonari,Braid and trim makers
garavani,Pack-saddle makers
"gargiolai, capestrai, spadolari e linaroli","Buckle makers, rope makers, sword hilt makers, and linen workers"
garzatori di lana,Wool cloth finishers (nappers)
garzatori di panni lana,Wool fabric nappers
garzatori e tonditori di fustagno,Wool fabric finishers and fustian shearers
"garzatori, cimatori e cottonatori di panni lana","Wool finishers, shearmen, and cotton processors"
"garzatori, cimatori e raspatori di fustagno","Fustian finishers, shearmen, and scrapers"
garzotti e arganotti,Thread refiners and reel makers
gioielleri da falso,Imitation jewelry makers
giponeri,Doublet and jacket makers
glass makers (vetrai),Glassblowers and glass artisans
gold and silver beaters (battioro e argento),Gold and silver leaf artisans
"gold and silversmiths (arginteri, orefici)",Fine metalworkers and jewelers
gold beaters (tiradori di oro),Gold leaf artisans
gold platers (mastri doratori),Master gilders
gold platters (addoratori),Gilders (alternative term for gold platers)
gold platters (tiratori d'oro),Gold refiners and leaf makers
goldsmiths (aurifici),Gold jewelry makers
goldsmiths (orefici),Goldsmiths and jewelers
goldsmiths and silversmiths (argentieri/orefici),Jewelry makers and fine metalworkers
gongolari e salzumari,Gondola operators and salted meat traders
grocers (cavallari),Grocers (possibly related to horse transport)
guantari,Glove makers
guarnamentari di carrozze,Carriage decorators and upholsterers
gun makers (balistreri),Crossbow makers
gun makers (schioppettieri),Gunmakers and musket craftsmen
gun makers (scopettieri),Gun manufacturers
habardashers (merceri),General dealers in small sewing goods and accessories
haberdashers (merceri di mercia minuta),Dealers in small sewing notions and trimmings
haberdashers (merceri di robba vecchia),Secondhand clothing and fabric dealers
haberdashers (mercia minuta),Dealers in small accessories and fine fabrics
hairdressers (parrucchieri),Wig makers and hairstylists
hat makers (berrettai),Cap makers and hat makers
hat makers (cappellieri),Hat makers (broad category)
hatters (cappellieri,Hat manufacturers and merchants
hospitibus et tabernariis,Innkeepers and tavern owners
incassatori di archibugi,Gun stock makers (for arquebuses and muskets)
indoradori,Gold gilders
indoradori e dipintori,Gilders and painters
indoratori,Gold gilders and decorative artists
inn keepers (li tavemari),Tavern owners and public house operators
inn keepers (tabernari),Tavern and innkeepers
inn keepers (tavimari),Innkeepers and lodging house owners
innkeepers (li tavirnari),Tavern keepers and food vendors
intagliatori,Wood and stone carvers
jacket makers (gipponari),Tailors specializing in doublets and jackets
jacket-makers (gipponari),Tailors specializing in doublets and jackets
key makers (chiavittari),Locksmiths and key makers
key makers (chiavitteri),Locksmiths and key makers
knife makers (cutilleri),Cutlers (knife and blade makers)
"lana, arte della",The Art of Wool (Wool Guild)
lanaioli,Wool merchants and traders
lanaiuoli,Wool weavers and textile producers
lanari,Wool processors and dealers
lanaroli,Wool traders and distributors
laneri,Wool processors and wool fabric merchants
lanieri,Wool fabric makers and sellers
lardaroli,Pork butchers and lard sellers
lardaroli e speziali,Pork butchers and spice merchants
"lardaroli, bottegai e formaggiari","Pork butchers, shopkeepers, and cheesemongers"
lasagneri,Pasta makers (lasagna specialists)
lattai,Milk sellers and dairy merchants
lattari e ricottari,Milk vendors and ricotta makers
lattoneri,Tinsmiths and sheet metal workers
lattonieri,Tinsmiths and metal artisans
lavoranti calzettai,Journeyman stocking makers
lavoranti calzolai,Journeyman shoemakers
lavoranti cappellai,Journeyman hat makers
lavoranti della lana,Wool workers (general category)
lavoranti e garzoni dei vermicellari,Journeyman and apprentices of pasta makers
lavoranti orefici,Journeyman goldsmiths
lavoranti tipografi,Journeyman printers and typographers
lavoratori di fustagno,Fustian fabric workers
lavorazione del legno,Woodworking and carpentry
leather workers (conciatori di pelle o curviseli),Tanners and leather finishers
leather workers (conzarioti),Leather refiners and curriers
leather workers (cuoiai),General leatherworkers
legali,Lawyers and legal professionals
legnaiuoli,Carpenters and woodworkers
legnaroli,Lumber dealers and wood merchants
letterati,Scholars and literati
letterati e curiali,Scholars and court officials
librai,Booksellers and publishers
librai e stampatori,Booksellers and printers
librari e stampatori,Booksellers and typographers
librei a conti e carta bianca,Account book and blank paper sellers
ligaballe,Bale packers and textile transporters
ligadori da fontico,Warehouse packers and storage workers
ligatori di balle e lavatori di lane,Bale packers and wool washers
ligrittieri e pannilini,Wool carders and cloth finishers
lime workers (calcinari),Lime kiln workers and plaster makers
linaioli,Linen merchants and weavers
linaiuoli,Linen textile producers
linaroli,Flax workers and linen traders
linen weaver (linaioli),Linen textile craftsmen
linen weavers (linalori),Linen spinners and fabric makers
luganegheri,Sausage makers and butchers
maccaroli,Pasta makers (possibly macaroni specialists)
maccaronari,Macaroni and pasta vendors
macellai,Butchers
macellari,Butchers
macellariis,Butchers
maestre di scuole pie,Teachers in religious schools (Pious Schools)
maestri banderari dell'arte della seta,Master silk banner makers
maestri d'acqua,Water engineers and irrigation specialists
maestri d'ascia,Master shipwrights and carpenters
maestri d'ascia di carrozze,Master carriage builders
maestri d'ascia e calafati,Master shipbuilders and caulkers
maestri da muro,Master masons and bricklayers
maestri da muro e da legno,Master masons and carpenters
maestri del legname,Master woodworkers and lumber suppliers
maestri di cuoiami,Master leatherworkers
maestri di pietra e legname,Master stonecutters and carpenters
magazzinieri,Warehouse managers and storekeepers
magazzinieri del grano,Grain warehouse keepers
magazzinieri e tavernieri,Warehouse keepers and tavern owners
maggior arte del fuoco,Major Guild of Fire-related Trades
maiolicari,Maiolica (tin-glazed pottery) makers
mandoleri,Almond merchants and confectioners
manganatori,Cloth finishers using mangano (rolling presses)
manganeri,Textile workers using mangano machines
manifatturieri da tabacco in rolli,Manufacturers of rolled tobacco products
maniscalchi,Farriers and blacksmiths
marangoni,General carpenters and woodworkers
marangoni da case,House carpenters
marangoni da nave,Ship carpenters and shipbuilders
"marangoni, muratori, e tagliapietra","Carpenters, masons, and stonecutters"
marble cutter (marmorari),Marble sculptors and stoneworkers
marble cutters and sculptors (marmorari e scultori),Sculptors and stone masons specializing in marble
marescalchi,Farriers and blacksmiths
marinai,Sailors and seafarers
marinai e pescivendoli del borgo di santa lucia a mare,Sailors and fish sellers of Santa Lucia a Mare
marinari,Mariners and ship workers
marinari del generale delle galere,Sailors of the General Galleys
marinari del piliero,Sailors operating at the Piliero port
marinari della porta della calce,Sailors from the Lime Gate district
marinari di cannucciari,Sailors associated with the cane industry or reed trade
marinari di porto,Harbor sailors and dockworkers
marinari di porto salvo,Sailors of Porto Salvo (safe harbor)
marinari di s. lucia,Sailors of Saint Lucia
marinari di s. maria delle grazie,Sailors of Saint Mary of Grace
marinari e negozianti,Sailors and merchants
marinari e padroni di barche,Sailors and boat owners
marinari e pescatori,Sailors and fishermen
marmorai,Marble workers and stonecutters
marmorari,Marble sculptors and stonemasons
marmoratori e fabbricatori,Marble polishers and builders
marzeri,General merchants and retailers
maschereri,Mask makers
masons (fabbricatori),Builders and stonemasons
masons (li muraturi),Bricklayers and construction workers
masons (muratori),"Bricklayers, masons, and builders"
masons (muraturi),Variant spelling of masons (muratori)
masons and stone cutters (mastri muratori e pirriatori),Master masons and stonecutters
massari,Estate managers and financial administrators
mastellari,Bucket and tub makers
mastri cordari,Master rope makers
mastri d'ascia,Master shipwrights and structural carpenters
mastri luganesi,Master butchers specializing in sausage-making (Luganega sausages)
"mastrodatti, scrivani, e curiali","Court clerks, scribes, and legal officers"
materassai,Mattress makers and upholsterers
materazzari,Mattress makers (alternative spelling of materassai)
mattress makers (materassari),Craftsmen who made mattresses and bedding
mattress makers (materazzari),Craftsmen who made mattresses and bedding
medici e speziali,Doctors and pharmacists
mercanti,Merchants and traders
mercanti (confraternita),Merchant confraternity (trade association of merchants)
mercanti auroserici,Merchants specializing in gold and silk trade
mercanti catalani,Catalan merchants (foreign traders from Catalonia)
mercanti d'oro e argento falsi,Merchants of imitation gold and silver
mercanti da cordoani,Merchants of Cordovan leather
mercanti da ferrarezza,Iron and steel merchants
mercanti da legname,Timber merchants
mercanti da oro,Gold merchants
mercanti da panni lana,Wool cloth merchants
mercanti da seta,Silk merchants
mercanti da vin,Wine merchants
mercanti de spallere e tirintane,Merchants of embroidered shoulder garments and trimmings
mercanti di bestiame,Livestock merchants
mercanti di bestiame bovino e porcino,Merchants of cattle and pigs
mercanti di calze,Stocking and hosiery merchants
mercanti di diversi generi specie coloniali e aromati,"Merchants of colonial goods, spices, and aromatics"
mercanti di ferro,Iron merchants
"mercanti di grassa, casaroli","Fat, lard, and cheese merchants"
mercanti di lana,Wool merchants
mercanti di lione e fiandra,Lyon and Flanders cloth merchants
mercanti di opera bianca,Merchants of fine (white) textiles and goods
mercanti di tela,Linen and canvas merchants
mercanti di vino,Wine sellers and distributors
mercanti drappieri,Luxury fabric and cloth merchants
mercanti fiorentini,Florentine merchants
mercanti francesi,French merchants
"mercanti speziali, droghieri, manuali e cioccolatieri","Pharmacists, spice dealers, artisans, and chocolate makers"
"mercanti, venditori e tintori di panni lana","Merchants, sellers, and dyers of wool cloth"
mercatanti,General merchants
mercatores artis lanae,Wool trade merchants
mercatorum,Merchants and traders
merchants (li mercanti),General merchants and traders
merchants (li mircanti),General merchants and traders
merciai,Haberdashers (dealers in small wares and sewing goods)
merciai e correggia,Haberdashers and belt makers
merciai e drappieri,Haberdashers and luxury fabric merchants
merciaioli e trippaioli,Haberdashers and tripe vendors
merciariis,Haberdashers and small-scale traders
merzari,General merchants and retailers
messi,Messengers and couriers
mesuradori di formento e biave,Wheat and grain measurers
miniadori,Illuminators (decorators of manuscripts and books)
ministri e ufficiali del banco annunziata,Ministers and officials of the Bank of Annunziata
minolli,Unclear term (possibly related to milling or mining)
misuratori della raiba,Measurers of Raiba (possibly grain or goods weighing officials)
molendinarium,Millers and mill owners
molinari,Millers (grain and flour producers)
molinaroli,Miller's assistants and workers
mondezzai,Street cleaners and waste collectors
monte,Financial institution or charitable fund
mugnai,Millers
mulattieri,Mule drivers and transport workers
muratori,Masons and bricklayers
muratori e carcarari,Masons and lime kiln workers
muratori e carpentieri,Masons and carpenters
muratori e falegnami,Masons and woodworkers
muratori e fornasari,Masons and kiln operators
muratori genovesi,Genoese masons and builders
muratori lombardi,Lombard masons and builders
"muratori, scalpellini, tagliapietra e marmorari","Masons, stonecutters, and marble workers"
muratoriibus,Masons and builders
mureri,Masons and wall builders
muschieri da polvere di cipro,Musk and scented powder makers
musici,Musicians and composers
nail makers (tacciari o chiodaioli),Blacksmiths specializing in nails and metal fasteners
navaroli,Shipbuilders and maritime traders
negiari,Unclear term (possibly related to merchants or traders)
negozianti dei drappi di lana,Woolen fabric merchants
negozianti di stoffe di seta,Silk fabric merchants
negozianti e merciai,Merchants and haberdashers
nevaioli,Ice and snow merchants
nevajoli,Ice and snow merchants
nobili e artigiani,Nobles and artisans
nolezini e vetturali,Carriage renters and transporters
norcini e casciani,Pork butchers and cheesemakers
notariorum,Notaries and legal clerks
ofellari,Pastry makers and confectioners
offellari e festari,Pastry makers and festival organizers
officio dei mercanti da seta,Office of the Silk Merchants (Silk Trade Guild)
ogliarari,Oil vendors and traders
ogliari,Oil merchants
orafi,Goldsmiths and jewelers
orafi e argentieri,Goldsmiths and silversmiths
orefici,Goldsmiths and jewelers
orefici (conservatorio),Goldsmiths associated with a conservatory or guild institution
orefici argentatori,Goldsmiths and silver platers
orefici e argentieri,Goldsmiths and silversmiths
orefici e argentieri lavoranti,Journeyman goldsmiths and silversmiths
orefici ed argentieri,Goldsmiths and silversmiths (alternative wording of the above guilds)
orefici gioiellieri,Goldsmiths and jewelers
orgiaiuoli e venditori di legumi,Barley sellers and legume traders
orologeri,Clockmakers and watchmakers
orologiai,Clockmakers and horologists
ortolani,Market gardeners and vegetable growers
ortolani e padulani,Market gardeners and swamp workers
orzaiuoli e venditori di orzo e legumi,Barley and legume vendors
osti,Innkeepers and tavern owners
osti di borgo,Innkeepers in a specific district or town (Borgo)
osti e albergatori,Innkeepers and hotel owners
osti e tavernari,Innkeepers and tavern keepers
osti e tavernieri,Innkeepers and publicans
osti garzoni,Innkeeping apprentices and assistants
ottonari (arte sottile),Fine brass artisans
ottonari dei chiodi di carrozze,Brass nail makers for carriages
"ottonari, peltrari e lattonari","Brass workers, pewterers, and tinsmiths"
padroni di barche e marinari (monte),"Boat owners and sailors (associated with a Monte, or financial institution)"
painters (depittores),Artists specializing in painting and decorative arts
pan makers (calderari),Tinsmiths and pan makers
panerari,Basket makers
panettieri,Bakers
panettieri (confraternita),Brotherhood of bakers
panettieri alemanni,German bakers
panettieri di pane bianco,White bread bakers
panettieri di pane di mistura,Bakers of mixed-grain bread
pannieri,Wool and fabric merchants
paper makers (cartari),Manufacturers of paper products
paratori di panni,Cloth finishers and pressers
paroni,Ship owners and boat captains
parroci e sacerdoti (confraternita),Brotherhood of priests and clergy
parrucchieri,Hairdressers and wig makers
passamaneri,Trimming and braid makers
passamantai,Lace and decorative textile makers
pastai,Pasta makers
pasticceri,Pastry chefs and confectioners
pastori,Shepherds and livestock caretakers
pastry-cook/sweet makers (confettieri),Confectioners and candy makers
pastry-cooks (cubaitari),Specialists in nougat and candied sweets
paternostreri o margariteri,Rosary bead and pearl artisans
pattieri,Possibly related to leatherworkers or shoemakers
peciari stoppieri,Pitch and wick makers
pecorari affidati,Sheep herders under contract
pedlars (li merceri a bando),Itinerant haberdashers and street vendors
pegolotti,Tar and resin traders
pellacani,Leather processors and tanners
pellattieri,Leatherworkers and saddlers
pellettieri,General leather merchants and tanners
pellettieri e scamosciatori,Leather merchants and suede artisans
pellicciai,Furriers and fur traders
pellicciari,Furriers (variant spelling of pellicciai)
pellizzari,Furriers and pelisse makers
peltrari,Pewterers (artisans working with tin and pewter)
peltrari e lanternari,Pewterers and lantern makers
peltreri e stagneri,Pewterers and tinsmiths
perleri e suppialume,Pearl artisans and glassblowers
pescadori,Fishermen (general term for those engaged in fishing)
pescatori,Fishers and seafood traders
pescatori (monte),Fishermen associated with a financial institution (Monte)
pescatori del borgo di loreto,Fishermen from the Loreto district
pescatori di fiumi e di mare,Freshwater and seawater fishermen
pescatori e venditori di pesce,Fishermen and fishmongers
pescivendoli,Fishmongers
pescivendoli (borgo di s. lucia),Fishmongers of the Saint Lucia district
pescivendoli di chiaia in napoli,"Fishmongers of Chiaia, Naples"
pescivendoli e capiparanze,Fishmongers and boat captains
pestrineri,Dairy product makers (especially cheese and butter)
petteneri da tela,Flax combers and linen finishers
pettinatori di lana,Wool combers and preparers
pezzaioli,Rag sellers and fabric recyclers
pezzaroli,Rag pickers and secondhand clothing dealers
pharmacists (aromatari),Apothecaries and spice sellers
pharmacists (li speziali),Apothecaries and medical supply dealers
"pharmacists (speciali, speziali)",Pharmacists and apothecaries
pianetari,Manufacturers of priestly vestments and liturgical textiles
piccapietre e marmorari,Stonecutters and marble workers
pietra e legname,Stone and wood workers
pignolati,Possibly related to pine nuts or metal studs
piltrari (stagnari),Tinsmiths and pewterers
pinatari,Possibly painters or pine resin collectors
"pipernieri, fabbricatori e tagliamonti",Stoneworkers and builders specializing in piperno (volcanic stone)
pistori,Bakers and flour processors
pittori,Painters and artists
pittori e indoratori,Painters and gilders
pizzicagnoli e olianduoli,Grocers and oil merchants
pizzicaioli,General grocers and spice merchants
pizzicaroli,Deli and cured meat vendors
pizzicaroli e cetrangolari,Deli merchants and cucumber sellers
pollaroli,Poultry vendors
pollieri,Poultry sellers and caretakers
pollieri al publico,Public poultry vendors
pollieri e caprettari,Poultry and goat meat vendors
pollivendoli,Poultry sellers and egg traders
pollivendoli e venditori di frutta,Poultry and fruit vendors
portatori da sacco al mulino,Sack carriers for mills
portatori da sacco al porto catena,Sack carriers at the chain port
portatori da vino,Wine transporters
portatori di vino,Wine carriers and delivery workers
porters and servants (porteri e serventi),General laborers and household servants
potter (quartarari),Jug and pitcher makers
potters (cannatari),Clay pipe and vessel makers
potters (li vasellari),General ceramic artisans and pottery makers
potters (quartarari),Jug and pitcher makers
pozzaroli o dugaruoli,Well diggers and water carriers
preconi,Public criers and announcers
prestinari,Bakers specializing in fine bread
produttori di veli o velari,Veil and fine fabric makers
profumieri e guantai,Perfumers and glove makers
profumieri e guantari,Perfumers and glove sellers
purgatori e rivedini,Cloth refiners and inspectors
"purgatori, rivedini e cimatori, tessitori di lana, lanini e cappellari","Textile refiners, wool weavers, and hat makers"
quaglieri,Quail breeders and traders
quartegrantibus bestiae,Animal tax collectors or livestock inspectors
quoiai,Leather workers and saddlers
radaroli,Possibly surveyors or tax collectors
raffinatori di zucchero,Sugar refiners
ramai,Coppersmiths
ramai e magnani,Coppersmiths and blacksmiths
rebairoli,"Unclear term, possibly related to rebbec makers or repairers"
remeri,Oar and paddle makers
remorari,Boat rowers and ferry operators
repezzini,Patchmakers and repairmen
repostieri,Dessert and pastry chefs
revendaroli,Street vendors and petty traders
ricamatori,Embroiders
ricamatori (confraternita),Embroidery guild or brotherhood
rigattieri,Secondhand clothing dealers and fabric traders
rigattieri o pattari,Secondhand goods sellers and patch traders
"rigattieri, linaioli e sarti","Secondhand dealers, linen merchants, and tailors"
rivenditori,Retailers and resellers
rivenditori di bambacia,Cotton resellers
rivenditori di farine,Flour resellers
rivenditori di opera bianca,White cloth and fine textile resellers
ropemakers (cordari),Rope makers
ropers (accimatori),Fiber combers and rope processors
ropers (cordari),Rope makers
ropers (funaioli),Rope makers
ropers (li cordari),Rope makers
ropers (li curdara),Rope makers
"rotari, arte e maestranze",Wheelwrights and related trades
sabioneri,Sand extractors and transporters
saddle makers (sellai),Saddle makers and harness craftsmen
saddle makers (sellari),Saddle makers and harness craftsmen
sagomadori da oglio,Oil molders and press operators
sailors (li marinari),General sailors and seafarers
sailors (li navi),Ship workers and crew members
sailors (marinari),General sailors and seafarers
sailors (mercatores maritimi),Maritime merchants
"sailors and fishermen (marinai e pescatori di terracina di borgo, di piedigrotta, di kalsa)",Regional guild of sailors and fishermen
sailors and fishermen (marinari e pescatori di terracina),Fishermen and sailors from Terracina
salaioli,Salt vendors
salaroli,Cured meat and salted fish vendors
salsamentari,Sausage and salted meat producers
salsamentari e postari,Sausage makers and food preparers
salsamentari o salumai,Sausage makers and charcutiers
salsicciai e formaggiai,Sausage and cheese makers
salsicciari,Sausage makers
salsicciari e lardaroli,Sausage makers and lard vendors
salsumari e casiogli,Salted meat and cheese vendors
salsumari e casiogli (confraternita),Brotherhood of cured meat and cheese sellers
salsumari e potecari lordi (monte),Salted meat vendors and general provisioners (under a Monte financial system)
salumari,Producers of cured meats and sausages
salumieri,Butchers and delicatessen owners
saoneri,Soap makers
saponai e mercanti di olio,Soap makers and oil merchants
saponari,Soap makers
sarti,Tailors
sarti e calzettai,Tailors and stocking makers
sarti e giubbonari lavoranti e garzoni,Journeyman tailors and jacket makers
"sarti, mercanti di abiti vecchi, cimatori di panni e battitori di cotone","Tailors, secondhand clothing merchants, textile shearing specialists, and cotton processors"
sartori,Tailors
sartori e pateri,Tailors and textile dealers
scaleteri,Confectioners and pastry makers
scamosciatori,Suede leather workers
scamosciatori del mercato grande,Suede leather workers of the main market
scamosciatori e guantari,Suede leather artisans and glove makers
scaricatori di vino,Wine unloaders and transporters
scarpari,Shoemakers
scartaggini,Possibly textile workers or fabric refiners
scavezzadori,Metal cutters and refiners
schiopetteri,Gun makers and firearms specialists
scodellari e stovigliai,Bowl makers and dishware artisans
scodellari e tornitori,Bowl makers and wood turners
scopari,Broom makers
scopari (monte),Broom makers (under financial regulation by a Monte institution)
scorzeri,Tanners and leatherworkers
"scrittori d'ebano, avorio, legnami, oro e argento","Writers and engravers of ebony, ivory, wood, gold, and silver"
scrivani (monte),Scribes and clerks (regulated by Monte financial institutions)
"scrivani della regia camera,",Royal court scribes and record keepers
scrivani fiscali,Tax clerks and financial record keepers
sculptors (scultores),Artists specializing in sculpture
sculptors/marble cutters (scarpellini e marmorari),Stone sculptors and marble workers
scultori,Sculptors
scultori di marmo e marmorari,Marble sculptors and stonecutters
scultori e intagliadori,Sculptors and wood carvers
scultori e scalpellini,Sculptors and stone masons
scythe makers (falcenuriori),Makers of scythes and agricultural tools
seassieri,Possibly furniture makers or chair artisans
sediari,Chair makers and furniture artisans
sediari del quartiere della porta di s. gennaro,Chair makers from the district of Porta di San Gennaro
segadori,Reapers and harvesters
segettari,Possibly related to sawyers or secretaries
segettari di portantina del largo carita,Porters for sedan chairs in Largo Carit
seggiari di noce,Walnut chair makers
seggiolari di paglia,Straw chair makers
sellai,Saddle makers
sellai e bastari,Saddle makers and pack saddle makers
sellari,Saddle makers
sellari e baulari,Saddle makers and trunk makers
selleri,Saddle makers and leather workers
sensali,Brokers and intermediaries
sensali di ripa e ripetta,Brokers of Ripa and Ripetta (harbor traders)
senseri di rialto,Brokers of the Rialto market (Venice)
serratori di tavole,Board and plank sawyers
servienti di gran corte di vicaria,Servants of the Great Court of Vicaria
servitori (confraternita),Brotherhood of servants
"seta, arte della",The Silk Trade Guild
setaioli,Silk weavers and merchants
sgargiotti,Possibly dyers or fabric finishers
shoemakers (calzolai e ciabattini),Shoemakers and cobblers
shoemakers (calzolai),Shoemakers
shoemakers (corviseri),Fine leather shoemakers
shoemakers (curbeseria),Leatherworkers and shoemakers
shoemakers (curviseri),Luxury shoemakers
shoemakers (li corbiseri),Regional term for shoemakers
shoemakers (scarpara),Shoemakers 
shoemakers (scarpari),Shoemakers and cobblers
shoemakers and leather workers (curviseli e cunzaturi),Luxury shoemakers and leather finishers
shop and inn keepers (bottegari e tavemari),Shopkeepers and tavern owners
shop keepers (recapteri o rigattieri),Secondhand goods sellers and general shopkeepers
shopkeepers (li putiari),Retail merchants and market sellers
shopkeepers (putegari),Retailers and small traders
silk consuls (consoli della seta),Regulators of the silk trade
silk weavers (maestri di opera piana della seta),Master weavers of flat silk textiles
silk weavers (setaioli),Silk textile producers
silver and goldsmiths (argentieri e orefici),Silversmiths and goldsmiths
silver and goldsmiths (orefici e argentieri),Goldsmiths and silversmiths
silver- and goldsmiths (aurifabri),Latin term for gold and silversmiths
silversmiths (arginteri),Silversmiths and silver traders
silversmiths (li arginteri),Regional spelling of silversmiths
slipper makers (planellarii),Makers of slippers and soft footwear
smiths (ferrari),Blacksmiths and metalworkers
smiths (frenali),Bridle and bit makers
smiths (maniscalchi),Farriers and horseshoe makers
soap makers (saponari),Manufacturers of soap and cleaning products
sock and jacket makers (calcitteri e gipponari),Stocking and jacket makers
sock makers (calzettari),Hosiery and stocking manufacturers
sock makers working old silk (calzettieri di seta vecchia),Stocking makers using recycled silk
sogai,"Unclear, possibly related to textile workers"
solfarinari,Sulfur extractors and dealers
sonadori,Musicians and instrumentalists
sonatori di fiato,Wind instrument players
sosamellari,Possibly honey or syrup makers
spadari,Sword makers
spadari e coltellieri,Sword and knife makers
spaderi,Sword makers
specchieri,Mirror makers
speziali,Apothecaries and pharmacists
speziali di medicina,Medical apothecaries
speziali di medicine (monte),Medical apothecaries under a Monte financial system
speziali droghieri,Pharmacists and spice merchants
speziali e aromatari,Apothecaries and perfumers
speziali e merciai,Pharmacists and haberdashers
speziali e protomedicato,Pharmacists and the medical regulatory board
speziali farmacisti,Pharmacists specializing in medicine
speziali manuali (monte),Manual apothecaries under Monte financial regulation
"speziali manuali, droghieri e cioccolatieri","Manual pharmacists, spice merchants, and chocolate makers"
speziali non farmascisti,Apothecaries not dedicated to pharmacy
spezieri da grosso,Wholesale spice and drug merchants
spezieri da medicinale,Medicinal spice and drug sellers
squerarioli,Shipbuilders (Venetian term)
stadereri,Scale and weight makers
stagnai,Tinsmiths
stagnari,Tinsmiths 
stallieri,Stable workers and grooms
stallieri e nolezini,Stable hands and carriage rental workers
stampadori e libreri,Printers and booksellers
"stampatori e librari, cercheri, cestai, setacciatori","Printers, booksellers, basket makers, and sieve makers"
stazioneri da vero,Possibly stationers and writing supply vendors
stioeri,Possibly related to fabric finishers or dyers
stone cutters (perreatori),Masons and stonecutters
stone cutters/sculptors (scarpellini),Fine stone workers and sculptors
stopperi di seta,Silk wick makers
stoppieri,Wick makers
stracceri,Rag collectors and recyclers
straccivendoli,Used clothing and fabric sellers
stramazzeri,Mattress makers
strapontieri,Makers of collapsible or folding chairs
strazzaroli,Dealers in secondhand fabrics
sugar makers (cannamelari),Sugarcane refiners
sugar markers (zuccareri),Sugar refiners and confectioners
suolai,Sole makers (for shoes and leather goods)
suonatori di corde,String instrument players
"suonatori di trombetta, ciaramella e corde di musica","Trumpet, shawm, and string instrument players"
sutoribus,Shoemakers
sword makers (li spatari),Swordsmiths
sword makers (spadari),Weaponsmiths
sword makers (spatari),Swordsmiths
sword-makers (spadari),Swordsmiths
tabinari,Possibly related to tavern keepers or food sellers
tagliapietra,Stonecutters
tagliapietre e marmorini,Stonecutters and marble workers
tailors (custureri),Sewers and clothing makers
tailors (custureria),Tailoring shops and garment producers
tailors (mastri custureri),Master tailors
tailors (sarti),Tailors and garment makers
tailors (sartori),Tailors and garment makers
tailors (sutores),Shoemakers and tailors
tailors and jacket makers (sarti e gipponari),Tailors and doublet/jacket makers
tailors and shoemakers (mastri sartori e calzolai),Master tailors and shoemakers
tailors for clerical cloths (zimmatori),Clerical garment makers
tamiseri,Sieve and filter makers
tanners (conciatori),Leather tanners
tanners (conzarioti),Leather tanners
tanners (li conzaturi),Leather finishers and curriers
tapezzieri,Upholsterers and tapestry makers
tappezzieri,Alternative spelling for upholsterers
tarallari padroni dei forni,Taralli bakers and oven owners
tavernari,Tavern keepers and innkeepers
tavernari di vino a minuto,Retail wine sellers
tavernieri,Tavern owners and publicans
tavernieri e albergatori,Tavern keepers and innkeepers
telajoli di drappi di oro ed argento,Weavers of gold and silver cloth
telajoli di seta,Silk weavers
telajoli di tela bianca,White linen weavers
tellaroli,Weavers and loom operators
teologi tessitori di trine e di passamani,Theologians and lace/braid weavers
terazzeri,Brick and tile makers
terraioli,Clay workers and ceramic artisans
tesseri da panni lana,Wool cloth weavers
tesseri da tela,Linen cloth weavers
tessitori,Weavers (general term)
tessitori auroserici,Gold and silk weavers
tessitori d'oro e d'argento a spolino,Weavers of gold and silver brocade
tessitori da seta,Silk fabric weavers
tessitori di bindelli e lavorini,Weavers of ribbons and small textile trimmings
tessitori di calze al telaio,Stocking weavers using looms
tessitori di calzetta,Stocking weavers
tessitori di drappi,General fabric weavers
tessitori di drappi di lana e seta,Weavers of wool and silk cloth
"tessitori di drappi di seta, bavella, lana","Weavers of silk, bavella (coarse wool), and fine wool fabrics"
tessitori di lana,Wool weavers
tessitori di lino,Linen weavers
"tessitori di lino, lana e seta","Weavers of linen, wool, and silk fabrics"
tessitori di panni,Cloth weavers
tessitori di panni di lana,Wool cloth weavers
tessitori di panni di seta,Silk cloth weavers
tessitori di panni lana,Wool textile weavers
tessitori di panni lini,Linen fabric weavers
tessitori di panni lino,Linen fabric weavers
tessitori di tela e teletta,Weavers of plain and fine fabrics
tessitori di tele di lino e canapa,Weavers of linen and hemp cloth
tessitori di tele e tovaglioli,Weavers of cloth and table linens
tessitori di velluto o velluteri,Velvet weavers
"tessitori e orditori delle tele di lino, fustagno, spalliere","Weavers and warpers of linen, fustian, and decorative cloths"
tessitori panni lana,Wool cloth weavers
testori,Possibly related to fabric testers or felt makers
testori da tela,Linen fabric inspectors or testers
tin workers (stagnari),Tinsmiths
tin workers (stagnatari),Variant spelling of tinsmiths
tintori,Dyers
"tintori d'arte maggiore, minore e da seta","Master dyers of major, minor, and silk fabrics"
"tintori da lana, filo e cotone","Wool, thread, and cotton dyers"
tintori da seta,Silk dyers
tintori di cappelli d'opera vecchia,Dyers of old-style hats
tintori di drappi colorati,Dyers of colored fabrics
tintori di fustagno,Fustian fabric dyers
tintori di lana in guado,Wool dyers using woad
tintori di negro (arte della seta),Dyers of black silk
tintori di panni lana,Wool cloth dyers
tintori di seta,Silk dyers
tintori di seta e lana,Dyers of silk and wool
tintori di sete nere e a colori,Dyers of black and colored silks
tintori in seta,Silk dyeing specialists
tira e battioro,Gold wire drawers and beaters
tiratori di ferro e ottone filato seu per trafila,Iron and brass wire drawers
tiratori di oro e di argento,Gold and silver wire drawers
tiratori di oro e di argento (monte),Gold and silver wire drawers (under Monte financial oversight)
tiratori o tessitori d'oro e d'argento,Gold and silver thread weavers
torch makers (torciari),Candle and torch makers
tornieri e sellari,Turners and saddle makers
tornitori,Wood turners
tornitori e lanternari,Wood turners and lantern makers
tovagliari,Table linen makers
tracollari,Shoulder strap makers
traghetto a ca' di dio,Ferry service at Ca' di Dio (Venice)
traghetto a san cangiano,Ferry service at San Cangiano
traghetto ai barileri,Ferry service at the barrel makers' dock
traghetto ai camerlenghi,"Ferry service at the financial offices (Camerlenghi Palace, Venice)"
traghetto al ponte della paglia,Ferry service at the Bridge of Straw
traghetto al ponte di rialto,Ferry service at the Rialto Bridge
traghetto alla carita,Ferry service at the Charitable House
traghetto alla fava,Ferry service at La Fava district
traghetto alla giudecca,Ferry service to the Giudecca island
traghetto alla maddalena,Ferry service at the Maddalena district
traghetto alle due colonne di s. marco,Ferry service at the two columns of St. Mark's Square
traghetto da mirano,Ferry service from Mirano
traghetto da s. marcuola,Ferry service from San Marcuola
traghetto da s. silvestro,Ferry service from San Silvestro
traghetto da s. toma,Ferry service from San Tom
traghetto dei santi giovanni e paolo,Ferry service at Saints John and Paul area
traghetto del buso,"Ferry service at the ""hole"" (possibly a canal entrance)"
traghetto del ghetto novo,Ferry service at the New Ghetto
traghetto del ghetto vecchio,Ferry service at the Old Ghetto
traghetto della dogana da mar,Ferry service at the Maritime Customs House
traghetto della pieta,Ferry service at the Church of La Piet
traghetto della polesella,Ferry service at Polesella
traghetto della riva del carbon,Ferry service at the Coal Wharf
traghetto della trinita,Ferry service at the Holy Trinity area
traghetto di ca' dolfin,Ferry service at Ca' Dolfin (Dolphin House)
traghetto di ca' mosto,Ferry service at Ca' Mosto
traghetto di cavarzere,Ferry service at Cavarzere
traghetto di legnago,Ferry service at Legnago
traghetto di lizza fusina,Ferry service at Lizza Fusina
traghetto di mestre e marghera,Ferry service between Mestre and Marghera
traghetto di pordenone,Ferry service at Pordenone
traghetto di portogruaro,Ferry service at Portogruaro
traghetto di rovigo,Ferry service at Rovigo
traghetto di s. barnaba,Ferry service at San Barnaba
traghetto di s. benedetto,Ferry service at San Benedetto
traghetto di s. caterina,Ferry service at Santa Caterina
traghetto di s. domenico al castello,Ferry service at San Domenico Castle
traghetto di s. felice,Ferry service at San Felice
traghetto di s. geremia,Ferry service at San Geremia
traghetto di s. lucia,Ferry service at Santa Lucia
traghetto di s. margherita,Ferry service at Santa Margherita
traghetto di s. maria del giglio,Ferry service at Santa Maria del Giglio
traghetto di s. maria formosa,Ferry service at Santa Maria Formosa
traghetto di s. sofia,Ferry service at Santa Sofia
traghetto di vicenza,Ferry service at Vicenza
traghetto di vigo di chioggia,"Ferry service at Vigo, Chioggia"
trainieri,Animal trainers and handlers
travasadori da oglio,Oil decanters and refiners
travasadori e portadori da vin,Wine decanters and transporters
tricolis et venditoribus olei,Olive oil and trinket sellers
trombettieri e suonatori a fiato,Trumpeters and wind instrument players
trousseau makers (corredatori),Makers of bridal and household linen sets
trucchieri,Cosmetic and wig makers
turners (tornari),Wood and metal turners
ubrieri della regia zecca,Gold refiners of the Royal Mint
ufficiali di mare (confraternita),Brotherhood of naval officers
universita' dei fabbricanti,Guild of manufacturers
universita' del pignolato e panno di lino,Guild of linen and coarse cloth makers
universita' di por san pietro,Trade association of San Pietro district
universita' di por san pietro e dei fabbricanti,Trade association of San Pietro and manufacturers
untori,Disinfectors and plague cleaners
vaccinari,Cattle handlers and butchers
vaiai e cuoiai,Furriers and leatherworkers
vaiai e pellicciai,Furriers and pelisse makers
vairari,Squirrel fur traders
varoteri,Possibly leather workers or furriers
vasai,Potters
vasariis,Potters 
vasellari,Crockery and dishware makers
vazineri,Possibly glassmakers or vase artisans
vedrari,Glassmakers
veluderi,Velvet makers
velvet workers (vellutari),Velvet textile artisans
"venditori ambuanti di ciambelle, collazieri e scalettieri","Itinerant vendors of bagels, small cakes, and biscuits"
venditori di frutta,Fruit vendors
venditori di pesce nostrano,Local fish vendors
venditori di pesci,General fish vendors
verdummari,Vegetable vendors
verieri,Glassmakers and window craftsmen
vermicellari,Pasta makers (vermicelli producers)
verreri,Glass artisans
vetrai,Glassmakers
vetrai e lanternai,Glassmakers and lantern manufacturers
vetrari,Glass artisans (alternative spelling of vetrai)
vetturali,Carriage drivers and transporters
vetturali e gualcatori di panni,Carriage drivers and fullers
vigaroli,Possibly vineyard workers or tree farmers
vignaioli,Vineyard workers and winemakers
vinattieri,Wine merchants and sellers
vino (mercanti),Wine traders and distributors
voltaroli da panni,Cloth folders and packers
wax workers (arbitranti di cera),Candle and wax mold makers
weavers (carieri),Weavers of fine textiles
weavers (carreri e tessitori di fila),Weavers of thread and textile workers
weavers of cloth (tessitori di tela),Linen and cotton fabric weavers
wool weavers (lanarii),Weavers of wool fabrics
wool-cloth shopkeepers (ambasciali),Retailers selling wool textiles
workers (li lavoratori),General laborers and artisans
zappatori (confraternita),Brotherhood of diggers and farm laborers
zavatteri,Shoe and slipper makers
zoccolari,Wooden clog makers
